Order_ID,Month,Region,Category,Sales,Discount,Units_Sold,Profit,Month_Name
ORD-1000,2023-07-01,South,Furniture,975,0.0,26,243.75,Jul 2023
ORD-1001,2023-04-01,West,Furniture,1139,0.05,23,270.51,Apr 2023
ORD-1002,2023-11-01,North,Furniture,3420,0.2,26,684.0,Nov 2023
ORD-1003,2023-08-01,West,Office Supplies,739,0.05,45,175.51,Aug 2023
ORD-1004,2023-05-01,North,Office Supplies,1661,0.1,6,373.72,May 2023
ORD-1005,2023-07-01,West,Furniture,555,0.2,6,111.0,Jul 2023
ORD-1006,2023-10-01,North,Office Supplies,3804,0.1,44,855.9,Oct 2023
ORD-1007,2023-03-01,North,Electronics,3523,0.2,8,704.6,Mar 2023
ORD-1008,2023-07-01,East,Electronics,434,0.3,24,75.95,Jul 2023
ORD-1009,2023-11-01,West,Office Supplies,1748,0.05,22,415.15,Nov 2023
ORD-1010,2023-11-01,West,Electronics,2296,0.0,19,574.0,Nov 2023
ORD-1011,2023-08-01,East,Electronics,4413,0.2,37,882.6,Aug 2023
ORD-1012,2023-05-01,West,Electronics,2301,0.2,18,460.2,May 2023
ORD-1013,2023-04-01,North,Electronics,1873,0.1,31,421.42,Apr 2023
ORD-1014,2023-08-01,West,Clothing,2300,0.3,37,402.5,Aug 2023
ORD-1015,2023-08-01,South,Furniture,3857,0.1,30,867.82,Aug 2023
ORD-1016,2023-03-01,East,Clothing,4853,0.1,42,1091.92,Mar 2023
ORD-1017,2023-06-01,West,Furniture,3796,0.3,33,664.3,Jun 2023
ORD-1018,2023-05-01,East,Furniture,3948,0.0,10,987.0,May 2023
ORD-1019,2023-02-01,South,Electronics,3373,0.1,37,758.92,Feb 2023
ORD-1020,2023-08-01,South,Office Supplies,2015,0.1,12,453.38,Aug 2023
ORD-1021,2023-12-01,West,Electronics,4041,0.2,30,808.2,Dec 2023
ORD-1022,2023-06-01,North,Clothing,2205,0.3,27,385.88,Jun 2023
ORD-1023,2023-02-01,West,Office Supplies,4693,0.05,39,1114.59,Feb 2023
ORD-1024,2023-12-01,East,Electronics,874,0.0,9,218.5,Dec 2023
ORD-1025,2023-05-01,North,Clothing,586,0.0,21,146.5,May 2023
ORD-1026,2023-01-01,East,Office Supplies,2358,0.3,12,412.65,Jan 2023
ORD-1027,2023-12-01,South,Office Supplies,2861,0.2,29,572.2,Dec 2023
ORD-1028,2023-10-01,East,Electronics,2264,0.2,33,452.8,Oct 2023
ORD-1029,2023-06-01,East,Furniture,4051,0.3,43,708.92,Jun 2023
ORD-1030,2023-12-01,North,Furniture,3453,0.2,15,690.6,Dec 2023
ORD-1031,2023-09-01,South,Electronics,4836,0.0,2,1209.0,Sep 2023
ORD-1032,2023-01-01,West,Electronics,4466,0.0,39,1116.5,Jan 2023
ORD-1033,2023-11-01,South,Office Supplies,939,0.05,44,223.01,Nov 2023
ORD-1034,2023-11-01,East,Electronics,1601,0.3,18,280.17,Nov 2023
ORD-1035,2023-10-01,South,Furniture,3459,0.1,3,778.28,Oct 2023
ORD-1036,2023-12-01,South,Clothing,2477,0.1,7,557.33,Dec 2023
ORD-1037,2023-12-01,South,Clothing,4104,0.05,43,974.7,Dec 2023
ORD-1038,2023-03-01,South,Electronics,4123,0.05,18,979.21,Mar 2023
ORD-1039,2023-12-01,North,Clothing,4414,0.2,44,882.8,Dec 2023
ORD-1040,2023-07-01,East,Electronics,3427,0.05,38,813.91,Jul 2023
ORD-1041,2023-04-01,North,Electronics,3031,0.05,37,719.86,Apr 2023
ORD-1042,2023-09-01,North,Office Supplies,3958,0.1,33,890.55,Sep 2023
ORD-1043,2023-03-01,North,Furniture,2712,0.2,44,542.4,Mar 2023
ORD-1044,2023-05-01,North,Furniture,2351,0.05,31,558.36,May 2023
ORD-1045,2023-03-01,South,Furniture,3875,0.05,11,920.31,Mar 2023
ORD-1046,2023-07-01,East,Electronics,2945,0.2,4,589.0,Jul 2023
ORD-1047,2023-05-01,East,Electronics,4066,0.3,18,711.55,May 2023
ORD-1048,2023-09-01,North,Furniture,3964,0.2,4,792.8,Sep 2023
ORD-1049,2023-07-01,West,Office Supplies,2422,0.1,49,544.95,Jul 2023
ORD-1050,2023-02-01,East,Office Supplies,2992,0.3,34,523.6,Feb 2023
ORD-1051,2023-04-01,South,Electronics,1897,0.0,29,474.25,Apr 2023
ORD-1052,2023-09-01,West,Furniture,3662,0.2,24,732.4,Sep 2023
ORD-1053,2023-12-01,West,Electronics,4263,0.1,22,959.18,Dec 2023
ORD-1054,2023-02-01,North,Electronics,1724,0.3,2,301.7,Feb 2023
ORD-1055,2023-10-01,South,Office Supplies,4960,0.2,44,992.0,Oct 2023
ORD-1056,2023-09-01,West,Electronics,232,0.05,6,55.1,Sep 2023
ORD-1057,2023-10-01,East,Electronics,4225,0.2,42,845.0,Oct 2023
ORD-1058,2023-05-01,North,Office Supplies,2766,0.0,25,691.5,May 2023
ORD-1059,2023-02-01,East,Office Supplies,3003,0.2,21,600.6,Feb 2023
ORD-1060,2023-04-01,West,Office Supplies,4096,0.3,16,716.8,Apr 2023
ORD-1061,2023-12-01,East,Electronics,3909,0.3,31,684.08,Dec 2023
ORD-1062,2023-12-01,East,Electronics,919,0.2,14,183.8,Dec 2023
ORD-1063,2023-07-01,West,Electronics,4779,0.3,39,836.32,Jul 2023
ORD-1064,2023-12-01,North,Electronics,1172,0.05,28,278.35,Dec 2023
ORD-1065,2023-08-01,North,Office Supplies,3918,0.2,32,783.6,Aug 2023
ORD-1066,2023-03-01,East,Office Supplies,4602,0.05,28,1092.97,Mar 2023
ORD-1067,2023-01-01,West,Office Supplies,4752,0.05,49,1128.6,Jan 2023
ORD-1068,2023-04-01,South,Office Supplies,2407,0.1,9,541.58,Apr 2023
ORD-1069,2023-02-01,East,Furniture,4626,0.2,45,925.2,Feb 2023
ORD-1070,2023-08-01,East,Office Supplies,4520,0.3,22,791.0,Aug 2023
ORD-1071,2023-04-01,South,Furniture,3230,0.05,32,767.12,Apr 2023
ORD-1072,2023-02-01,East,Furniture,3775,0.1,5,849.38,Feb 2023
ORD-1073,2023-06-01,West,Furniture,3316,0.2,23,663.2,Jun 2023
ORD-1074,2023-06-01,East,Electronics,3485,0.2,5,697.0,Jun 2023
ORD-1075,2023-10-01,South,Furniture,843,0.0,42,210.75,Oct 2023
ORD-1076,2023-04-01,South,Clothing,4911,0.0,32,1227.75,Apr 2023
ORD-1077,2023-06-01,East,Electronics,394,0.05,10,93.57,Jun 2023
ORD-1078,2023-02-01,South,Electronics,4196,0.0,39,1049.0,Feb 2023
ORD-1079,2023-10-01,South,Furniture,688,0.05,15,163.4,Oct 2023
ORD-1080,2023-12-01,South,Office Supplies,2404,0.3,7,420.7,Dec 2023
ORD-1081,2023-02-01,North,Furniture,2857,0.05,29,678.54,Feb 2023
ORD-1082,2023-10-01,North,Office Supplies,3476,0.0,47,869.0,Oct 2023
ORD-1083,2023-04-01,South,Electronics,1302,0.3,3,227.85,Apr 2023
ORD-1084,2023-08-01,South,Office Supplies,1441,0.0,19,360.25,Aug 2023
ORD-1085,2023-07-01,South,Electronics,715,0.05,10,169.81,Jul 2023
ORD-1086,2023-12-01,East,Office Supplies,592,0.1,28,133.2,Dec 2023
ORD-1087,2023-09-01,East,Office Supplies,830,0.2,29,166.0,Sep 2023
ORD-1088,2023-08-01,North,Electronics,3916,0.0,15,979.0,Aug 2023
ORD-1089,2023-05-01,West,Electronics,2047,0.05,35,486.16,May 2023
ORD-1090,2023-02-01,South,Electronics,2855,0.3,6,499.62,Feb 2023
ORD-1091,2023-05-01,East,Furniture,1179,0.0,12,294.75,May 2023
ORD-1092,2023-08-01,East,Electronics,4729,0.0,47,1182.25,Aug 2023
ORD-1093,2023-10-01,West,Office Supplies,3602,0.2,38,720.4,Oct 2023
ORD-1094,2023-09-01,East,Furniture,4071,0.05,13,966.86,Sep 2023
ORD-1095,2023-12-01,East,Electronics,477,0.1,29,107.32,Dec 2023
ORD-1096,2023-12-01,East,Electronics,432,0.3,19,75.6,Dec 2023
ORD-1097,2023-12-01,North,Electronics,1752,0.05,3,416.1,Dec 2023
ORD-1098,2023-09-01,North,Clothing,3470,0.3,8,607.25,Sep 2023
ORD-1099,2023-01-01,East,Electronics,2609,0.0,8,652.25,Jan 2023
ORD-1100,2023-09-01,South,Office Supplies,3712,0.2,20,742.4,Sep 2023
ORD-1101,2023-07-01,East,Office Supplies,225,0.2,47,45.0,Jul 2023
ORD-1102,2023-09-01,North,Office Supplies,660,0.1,4,148.5,Sep 2023
ORD-1103,2023-08-01,South,Clothing,3964,0.2,21,792.8,Aug 2023
ORD-1104,2023-01-01,South,Furniture,3631,0.0,3,907.75,Jan 2023
ORD-1105,2023-12-01,South,Clothing,3683,0.1,45,828.68,Dec 2023
ORD-1106,2023-08-01,East,Electronics,2194,0.05,8,521.07,Aug 2023
ORD-1107,2023-08-01,South,Electronics,690,0.2,23,138.0,Aug 2023
ORD-1108,2023-11-01,South,Office Supplies,1272,0.1,16,286.2,Nov 2023
ORD-1109,2023-03-01,South,Clothing,3373,0.0,13,843.25,Mar 2023
ORD-1110,2023-01-01,South,Office Supplies,415,0.3,3,72.62,Jan 2023
ORD-1111,2023-08-01,East,Electronics,1923,0.3,48,336.52,Aug 2023
ORD-1112,2023-03-01,North,Electronics,1792,0.0,9,448.0,Mar 2023
ORD-1113,2023-03-01,East,Clothing,2806,0.0,14,701.5,Mar 2023
ORD-1114,2023-01-01,East,Electronics,358,0.3,13,62.65,Jan 2023
ORD-1115,2023-11-01,East,Office Supplies,4981,0.1,7,1120.73,Nov 2023
ORD-1116,2023-05-01,East,Office Supplies,3513,0.3,15,614.78,May 2023
ORD-1117,2023-10-01,West,Furniture,3041,0.0,7,760.25,Oct 2023
ORD-1118,2023-07-01,West,Furniture,1976,0.2,38,395.2,Jul 2023
ORD-1119,2023-10-01,South,Furniture,2252,0.05,34,534.85,Oct 2023
ORD-1120,2023-09-01,North,Electronics,2495,0.2,41,499.0,Sep 2023
ORD-1121,2023-12-01,South,Clothing,1896,0.2,22,379.2,Dec 2023
ORD-1122,2023-07-01,North,Furniture,3193,0.0,24,798.25,Jul 2023
ORD-1123,2023-09-01,East,Clothing,2669,0.3,49,467.08,Sep 2023
ORD-1124,2023-08-01,West,Electronics,2146,0.1,37,482.85,Aug 2023
ORD-1125,2023-12-01,North,Clothing,4009,0.2,44,801.8,Dec 2023
ORD-1126,2023-02-01,North,Furniture,2983,0.3,1,522.02,Feb 2023
ORD-1127,2023-01-01,North,Electronics,3844,0.1,10,864.9,Jan 2023
ORD-1128,2023-07-01,East,Electronics,2700,0.2,43,540.0,Jul 2023
ORD-1129,2023-07-01,East,Office Supplies,3845,0.1,16,865.12,Jul 2023
ORD-1130,2023-08-01,North,Office Supplies,2845,0.3,46,497.87,Aug 2023
ORD-1131,2023-05-01,West,Office Supplies,2549,0.05,8,605.39,May 2023
ORD-1132,2023-03-01,East,Electronics,2132,0.3,49,373.1,Mar 2023
ORD-1133,2023-12-01,North,Electronics,3494,0.0,25,873.5,Dec 2023
ORD-1134,2023-08-01,East,Furniture,1957,0.1,12,440.32,Aug 2023
ORD-1135,2023-06-01,East,Furniture,1316,0.05,25,312.55,Jun 2023
ORD-1136,2023-11-01,South,Furniture,2767,0.1,17,622.58,Nov 2023
ORD-1137,2023-03-01,North,Clothing,3699,0.1,26,832.28,Mar 2023
ORD-1138,2023-01-01,North,Clothing,692,0.2,46,138.4,Jan 2023
ORD-1139,2023-03-01,North,Clothing,3506,0.0,48,876.5,Mar 2023
ORD-1140,2023-05-01,West,Office Supplies,819,0.1,14,184.28,May 2023
ORD-1141,2023-03-01,West,Furniture,3432,0.3,41,600.6,Mar 2023
ORD-1142,2023-01-01,North,Furniture,4023,0.3,36,704.02,Jan 2023
ORD-1143,2023-05-01,North,Furniture,2580,0.2,23,516.0,May 2023
ORD-1144,2023-10-01,North,Office Supplies,1746,0.0,43,436.5,Oct 2023
ORD-1145,2023-07-01,North,Electronics,3763,0.0,6,940.75,Jul 2023
ORD-1146,2023-07-01,West,Furniture,1805,0.3,47,315.88,Jul 2023
ORD-1147,2023-11-01,South,Electronics,3952,0.05,5,938.6,Nov 2023
ORD-1148,2023-09-01,South,Furniture,4875,0.2,43,975.0,Sep 2023
ORD-1149,2023-10-01,North,Clothing,2090,0.2,25,418.0,Oct 2023
ORD-1150,2023-10-01,East,Office Supplies,1475,0.3,18,258.12,Oct 2023
ORD-1151,2023-12-01,South,Electronics,2943,0.3,13,515.02,Dec 2023
ORD-1152,2023-03-01,East,Clothing,2693,0.05,43,639.59,Mar 2023
ORD-1153,2023-07-01,North,Office Supplies,556,0.05,14,132.05,Jul 2023
ORD-1154,2023-01-01,East,Electronics,1069,0.0,28,267.25,Jan 2023
ORD-1155,2023-04-01,East,Electronics,1085,0.2,18,217.0,Apr 2023
ORD-1156,2023-04-01,North,Electronics,2201,0.2,28,440.2,Apr 2023
ORD-1157,2023-05-01,South,Electronics,1483,0.3,27,259.52,May 2023
ORD-1158,2023-07-01,West,Clothing,819,0.0,32,204.75,Jul 2023
ORD-1159,2023-07-01,West,Furniture,1082,0.2,47,216.4,Jul 2023
ORD-1160,2023-11-01,South,Clothing,996,0.0,9,249.0,Nov 2023
ORD-1161,2023-04-01,South,Electronics,3842,0.0,40,960.5,Apr 2023
ORD-1162,2023-07-01,West,Electronics,3625,0.3,32,634.38,Jul 2023
ORD-1163,2023-11-01,East,Furniture,1496,0.0,20,374.0,Nov 2023
ORD-1164,2023-03-01,North,Electronics,4914,0.05,28,1167.08,Mar 2023
ORD-1165,2023-06-01,West,Furniture,444,0.05,33,105.45,Jun 2023
ORD-1166,2023-12-01,North,Clothing,3095,0.1,4,696.38,Dec 2023
ORD-1167,2023-02-01,East,Furniture,1129,0.3,46,197.58,Feb 2023
ORD-1168,2023-10-01,North,Office Supplies,719,0.1,34,161.78,Oct 2023
ORD-1169,2023-09-01,North,Electronics,3412,0.05,48,810.35,Sep 2023
ORD-1170,2023-05-01,South,Electronics,2609,0.1,3,587.02,May 2023
ORD-1171,2023-06-01,East,Electronics,207,0.3,26,36.22,Jun 2023
ORD-1172,2023-12-01,North,Furniture,2725,0.3,8,476.87,Dec 2023
ORD-1173,2023-12-01,North,Electronics,3623,0.0,6,905.75,Dec 2023
ORD-1174,2023-12-01,North,Furniture,2219,0.2,16,443.8,Dec 2023
ORD-1175,2023-12-01,South,Furniture,4790,0.0,24,1197.5,Dec 2023
ORD-1176,2023-04-01,West,Furniture,4482,0.3,48,784.35,Apr 2023
ORD-1177,2023-11-01,South,Electronics,3867,0.05,39,918.41,Nov 2023
ORD-1178,2023-10-01,East,Electronics,3871,0.05,30,919.36,Oct 2023
ORD-1179,2023-07-01,West,Clothing,3001,0.0,45,750.25,Jul 2023
ORD-1180,2023-12-01,South,Office Supplies,285,0.3,13,49.88,Dec 2023
ORD-1181,2023-09-01,North,Furniture,3315,0.05,5,787.31,Sep 2023
ORD-1182,2023-07-01,North,Electronics,4432,0.3,25,775.6,Jul 2023
ORD-1183,2023-01-01,South,Clothing,2668,0.05,20,633.65,Jan 2023
ORD-1184,2023-01-01,South,Office Supplies,3819,0.3,18,668.32,Jan 2023
ORD-1185,2023-09-01,South,Electronics,1836,0.1,47,413.1,Sep 2023
ORD-1186,2023-11-01,East,Clothing,3783,0.3,18,662.02,Nov 2023
ORD-1187,2023-09-01,South,Electronics,4209,0.3,2,736.58,Sep 2023
ORD-1188,2023-04-01,South,Furniture,3526,0.0,10,881.5,Apr 2023
ORD-1189,2023-09-01,East,Office Supplies,2418,0.1,45,544.05,Sep 2023
ORD-1190,2023-03-01,South,Electronics,2417,0.2,47,483.4,Mar 2023
ORD-1191,2023-07-01,West,Clothing,2569,0.0,12,642.25,Jul 2023
ORD-1192,2023-06-01,East,Office Supplies,3838,0.2,47,767.6,Jun 2023
ORD-1193,2023-08-01,North,Furniture,2703,0.05,13,641.96,Aug 2023
ORD-1194,2023-11-01,East,Electronics,1143,0.2,47,228.6,Nov 2023
ORD-1195,2023-09-01,South,Electronics,3037,0.3,11,531.48,Sep 2023
ORD-1196,2023-05-01,South,Electronics,2860,0.2,19,572.0,May 2023
ORD-1197,2023-01-01,South,Office Supplies,3136,0.0,35,784.0,Jan 2023
ORD-1198,2023-03-01,South,Electronics,4644,0.0,39,1161.0,Mar 2023
ORD-1199,2023-10-01,East,Furniture,4147,0.2,26,829.4,Oct 2023
ORD-1200,2023-12-01,North,Office Supplies,1876,0.0,46,469.0,Dec 2023
ORD-1201,2023-08-01,South,Electronics,1396,0.0,14,349.0,Aug 2023
ORD-1202,2023-11-01,North,Office Supplies,4305,0.2,45,861.0,Nov 2023
ORD-1203,2023-06-01,East,Electronics,2987,0.1,44,672.08,Jun 2023
ORD-1204,2023-08-01,North,Clothing,1661,0.1,24,373.72,Aug 2023
ORD-1205,2023-09-01,West,Furniture,3518,0.05,41,835.52,Sep 2023
ORD-1206,2023-04-01,South,Electronics,866,0.0,1,216.5,Apr 2023
ORD-1207,2023-01-01,West,Electronics,2376,0.2,43,475.2,Jan 2023
ORD-1208,2023-01-01,West,Furniture,3943,0.0,22,985.75,Jan 2023
ORD-1209,2023-10-01,West,Office Supplies,800,0.3,23,140.0,Oct 2023
ORD-1210,2023-04-01,West,Office Supplies,2852,0.0,19,713.0,Apr 2023
ORD-1211,2023-12-01,South,Office Supplies,4622,0.0,18,1155.5,Dec 2023
ORD-1212,2023-07-01,East,Electronics,4024,0.1,12,905.4,Jul 2023
ORD-1213,2023-02-01,North,Electronics,4106,0.2,28,821.2,Feb 2023
ORD-1214,2023-03-01,North,Electronics,1179,0.0,28,294.75,Mar 2023
ORD-1215,2023-01-01,South,Furniture,2651,0.1,33,596.48,Jan 2023
ORD-1216,2023-05-01,East,Clothing,828,0.05,19,196.65,May 2023
ORD-1217,2023-01-01,South,Furniture,1829,0.1,28,411.52,Jan 2023
ORD-1218,2023-08-01,East,Electronics,3896,0.1,49,876.6,Aug 2023
ORD-1219,2023-01-01,West,Furniture,3630,0.1,37,816.75,Jan 2023
ORD-1220,2023-11-01,East,Office Supplies,3874,0.0,26,968.5,Nov 2023
ORD-1221,2023-01-01,East,Office Supplies,4129,0.0,35,1032.25,Jan 2023
ORD-1222,2023-02-01,West,Clothing,2965,0.05,34,704.19,Feb 2023
ORD-1223,2023-02-01,West,Electronics,4569,0.3,35,799.58,Feb 2023
ORD-1224,2023-12-01,East,Electronics,4980,0.3,40,871.5,Dec 2023
ORD-1225,2023-06-01,West,Clothing,315,0.3,16,55.12,Jun 2023
ORD-1226,2023-07-01,West,Office Supplies,2203,0.05,38,523.21,Jul 2023
ORD-1227,2023-05-01,West,Electronics,892,0.3,13,156.1,May 2023
ORD-1228,2023-01-01,North,Office Supplies,3362,0.3,23,588.35,Jan 2023
ORD-1229,2023-01-01,South,Office Supplies,1305,0.1,22,293.62,Jan 2023
ORD-1230,2023-03-01,South,Office Supplies,3208,0.0,16,802.0,Mar 2023
ORD-1231,2023-02-01,North,Office Supplies,2361,0.0,28,590.25,Feb 2023
ORD-1232,2023-05-01,East,Furniture,353,0.1,48,79.42,May 2023
ORD-1233,2023-12-01,East,Furniture,3899,0.1,35,877.28,Dec 2023
ORD-1234,2023-10-01,West,Furniture,4610,0.1,45,1037.25,Oct 2023
ORD-1235,2023-06-01,North,Office Supplies,3986,0.0,46,996.5,Jun 2023
ORD-1236,2023-07-01,West,Office Supplies,1264,0.3,8,221.2,Jul 2023
ORD-1237,2023-04-01,East,Office Supplies,4400,0.1,44,990.0,Apr 2023
ORD-1238,2023-07-01,East,Electronics,2113,0.05,22,501.84,Jul 2023
ORD-1239,2023-11-01,West,Office Supplies,1416,0.1,21,318.6,Nov 2023
ORD-1240,2023-08-01,East,Office Supplies,2601,0.2,26,520.2,Aug 2023
ORD-1241,2023-11-01,South,Office Supplies,1972,0.1,40,443.7,Nov 2023
ORD-1242,2023-01-01,West,Office Supplies,2160,0.0,21,540.0,Jan 2023
ORD-1243,2023-06-01,South,Office Supplies,2980,0.1,25,670.5,Jun 2023
ORD-1244,2023-08-01,North,Furniture,4946,0.2,41,989.2,Aug 2023
ORD-1245,2023-05-01,West,Furniture,3071,0.05,1,729.36,May 2023
ORD-1246,2023-04-01,South,Electronics,860,0.3,6,150.5,Apr 2023
ORD-1247,2023-02-01,East,Furniture,2835,0.1,23,637.88,Feb 2023
ORD-1248,2023-06-01,South,Office Supplies,2529,0.2,23,505.8,Jun 2023
ORD-1249,2023-06-01,West,Office Supplies,4154,0.2,43,830.8,Jun 2023
ORD-1250,2023-11-01,North,Electronics,2650,0.05,43,629.38,Nov 2023
ORD-1251,2023-01-01,West,Electronics,1332,0.0,23,333.0,Jan 2023
ORD-1252,2023-09-01,East,Office Supplies,899,0.1,32,202.28,Sep 2023
ORD-1253,2023-12-01,North,Electronics,2238,0.2,30,447.6,Dec 2023
ORD-1254,2023-11-01,East,Electronics,4847,0.05,13,1151.16,Nov 2023
ORD-1255,2023-06-01,West,Electronics,4700,0.3,43,822.5,Jun 2023
ORD-1256,2023-03-01,South,Electronics,4757,0.2,18,951.4,Mar 2023
ORD-1257,2023-04-01,North,Electronics,2379,0.05,23,565.01,Apr 2023
ORD-1258,2023-12-01,South,Furniture,3038,0.0,15,759.5,Dec 2023
ORD-1259,2023-11-01,South,Furniture,1073,0.0,33,268.25,Nov 2023
ORD-1260,2023-04-01,East,Clothing,283,0.2,21,56.6,Apr 2023
ORD-1261,2023-03-01,East,Furniture,1622,0.2,39,324.4,Mar 2023
ORD-1262,2023-10-01,South,Office Supplies,2875,0.1,23,646.88,Oct 2023
ORD-1263,2023-03-01,North,Electronics,3380,0.05,27,802.75,Mar 2023
ORD-1264,2023-03-01,East,Electronics,4516,0.2,45,903.2,Mar 2023
ORD-1265,2023-04-01,South,Office Supplies,4175,0.1,44,939.38,Apr 2023
ORD-1266,2023-07-01,North,Electronics,1591,0.1,18,357.98,Jul 2023
ORD-1267,2023-04-01,West,Furniture,3418,0.2,24,683.6,Apr 2023
ORD-1268,2023-09-01,East,Furniture,4407,0.0,47,1101.75,Sep 2023
ORD-1269,2023-01-01,East,Office Supplies,814,0.05,40,193.32,Jan 2023
ORD-1270,2023-08-01,West,Electronics,3171,0.05,42,753.11,Aug 2023
ORD-1271,2023-07-01,South,Electronics,3765,0.0,7,941.25,Jul 2023
ORD-1272,2023-02-01,West,Office Supplies,3776,0.2,48,755.2,Feb 2023
ORD-1273,2023-08-01,South,Electronics,4770,0.05,20,1132.88,Aug 2023
ORD-1274,2023-01-01,North,Office Supplies,470,0.2,27,94.0,Jan 2023
ORD-1275,2023-11-01,South,Office Supplies,4266,0.2,6,853.2,Nov 2023
ORD-1276,2023-12-01,South,Clothing,2668,0.1,27,600.3,Dec 2023
ORD-1277,2023-09-01,East,Electronics,1590,0.0,9,397.5,Sep 2023
ORD-1278,2023-09-01,North,Office Supplies,3554,0.2,45,710.8,Sep 2023
ORD-1279,2023-02-01,North,Furniture,4335,0.3,31,758.62,Feb 2023
ORD-1280,2023-07-01,North,Furniture,3807,0.0,21,951.75,Jul 2023
ORD-1281,2023-10-01,North,Electronics,2783,0.05,26,660.96,Oct 2023
ORD-1282,2023-03-01,East,Office Supplies,4273,0.1,40,961.42,Mar 2023
ORD-1283,2023-07-01,North,Electronics,3275,0.05,48,777.81,Jul 2023
ORD-1284,2023-12-01,East,Furniture,4106,0.05,45,975.18,Dec 2023
ORD-1285,2023-10-01,South,Electronics,489,0.0,13,122.25,Oct 2023
ORD-1286,2023-09-01,East,Office Supplies,2680,0.05,49,636.5,Sep 2023
ORD-1287,2023-04-01,West,Office Supplies,3452,0.2,23,690.4,Apr 2023
ORD-1288,2023-12-01,South,Office Supplies,478,0.05,20,113.52,Dec 2023
ORD-1289,2023-01-01,East,Electronics,3124,0.1,37,702.9,Jan 2023
ORD-1290,2023-02-01,South,Electronics,780,0.1,28,175.5,Feb 2023
ORD-1291,2023-01-01,South,Office Supplies,453,0.3,17,79.27,Jan 2023
ORD-1292,2023-12-01,West,Furniture,4476,0.1,28,1007.1,Dec 2023
ORD-1293,2023-05-01,North,Electronics,4976,0.05,41,1181.8,May 2023
ORD-1294,2023-05-01,North,Office Supplies,1024,0.1,2,230.4,May 2023
ORD-1295,2023-11-01,East,Clothing,4032,0.0,25,1008.0,Nov 2023
ORD-1296,2023-07-01,North,Office Supplies,899,0.1,41,202.28,Jul 2023
ORD-1297,2023-09-01,West,Office Supplies,1580,0.2,6,316.0,Sep 2023
ORD-1298,2023-09-01,South,Clothing,4096,0.0,11,1024.0,Sep 2023
ORD-1299,2023-03-01,West,Electronics,1873,0.3,38,327.78,Mar 2023
ORD-1300,2023-03-01,East,Furniture,2927,0.2,6,585.4,Mar 2023
ORD-1301,2023-03-01,East,Clothing,3356,0.05,45,797.05,Mar 2023
ORD-1302,2023-04-01,West,Electronics,3588,0.05,11,852.15,Apr 2023
ORD-1303,2023-08-01,South,Office Supplies,4507,0.05,14,1070.41,Aug 2023
ORD-1304,2023-06-01,West,Furniture,583,0.2,2,116.6,Jun 2023
ORD-1305,2023-08-01,North,Furniture,541,0.2,40,108.2,Aug 2023
ORD-1306,2023-01-01,South,Office Supplies,2187,0.2,3,437.4,Jan 2023
ORD-1307,2023-08-01,North,Clothing,4259,0.0,35,1064.75,Aug 2023
ORD-1308,2023-04-01,South,Office Supplies,3309,0.0,33,827.25,Apr 2023
ORD-1309,2023-11-01,North,Electronics,4282,0.05,24,1016.97,Nov 2023
ORD-1310,2023-01-01,West,Clothing,4715,0.1,19,1060.88,Jan 2023
ORD-1311,2023-08-01,West,Electronics,2998,0.05,18,712.02,Aug 2023
ORD-1312,2023-04-01,West,Furniture,3440,0.3,49,602.0,Apr 2023
ORD-1313,2023-06-01,North,Furniture,2188,0.0,24,547.0,Jun 2023
ORD-1314,2023-08-01,East,Furniture,3614,0.2,45,722.8,Aug 2023
ORD-1315,2023-04-01,South,Furniture,2049,0.0,35,512.25,Apr 2023
ORD-1316,2023-03-01,South,Clothing,505,0.2,1,101.0,Mar 2023
ORD-1317,2023-09-01,South,Office Supplies,3813,0.3,36,667.28,Sep 2023
ORD-1318,2023-03-01,South,Office Supplies,2949,0.3,25,516.07,Mar 2023
ORD-1319,2023-09-01,East,Electronics,1335,0.0,45,333.75,Sep 2023
ORD-1320,2023-02-01,East,Clothing,405,0.2,49,81.0,Feb 2023
ORD-1321,2023-02-01,South,Clothing,4791,0.3,43,838.42,Feb 2023
ORD-1322,2023-02-01,North,Office Supplies,3650,0.05,34,866.88,Feb 2023
ORD-1323,2023-06-01,North,Electronics,4011,0.05,25,952.61,Jun 2023
ORD-1324,2023-03-01,North,Electronics,3822,0.2,16,764.4,Mar 2023
ORD-1325,2023-09-01,West,Electronics,3799,0.0,34,949.75,Sep 2023
ORD-1326,2023-04-01,North,Electronics,2751,0.3,29,481.42,Apr 2023
ORD-1327,2023-01-01,North,Furniture,4508,0.0,19,1127.0,Jan 2023
ORD-1328,2023-04-01,South,Clothing,509,0.05,23,120.89,Apr 2023
ORD-1329,2023-01-01,West,Furniture,2908,0.3,19,508.9,Jan 2023
ORD-1330,2023-05-01,West,Electronics,2191,0.0,25,547.75,May 2023
ORD-1331,2023-04-01,East,Electronics,471,0.1,16,105.98,Apr 2023
ORD-1332,2023-08-01,East,Electronics,3842,0.2,9,768.4,Aug 2023
ORD-1333,2023-08-01,South,Electronics,4286,0.2,1,857.2,Aug 2023
ORD-1334,2023-07-01,North,Electronics,2022,0.1,42,454.95,Jul 2023
ORD-1335,2023-03-01,West,Electronics,3473,0.05,19,824.84,Mar 2023
ORD-1336,2023-01-01,East,Office Supplies,4738,0.3,33,829.15,Jan 2023
ORD-1337,2023-01-01,East,Clothing,4549,0.2,34,909.8,Jan 2023
ORD-1338,2023-12-01,East,Furniture,720,0.1,16,162.0,Dec 2023
ORD-1339,2023-11-01,East,Furniture,1176,0.1,44,264.6,Nov 2023
ORD-1340,2023-03-01,East,Office Supplies,3922,0.05,40,931.47,Mar 2023
ORD-1341,2023-06-01,West,Electronics,3751,0.05,18,890.86,Jun 2023
ORD-1342,2023-07-01,West,Electronics,4305,0.0,34,1076.25,Jul 2023
ORD-1343,2023-06-01,East,Clothing,2973,0.2,25,594.6,Jun 2023
ORD-1344,2023-06-01,East,Electronics,2752,0.0,45,688.0,Jun 2023
ORD-1345,2023-06-01,North,Office Supplies,3032,0.1,6,682.2,Jun 2023
ORD-1346,2023-03-01,East,Furniture,4107,0.3,21,718.72,Mar 2023
ORD-1347,2023-06-01,North,Electronics,352,0.3,6,61.6,Jun 2023
ORD-1348,2023-08-01,East,Electronics,3164,0.05,32,751.45,Aug 2023
ORD-1349,2023-11-01,West,Office Supplies,3116,0.3,41,545.3,Nov 2023
ORD-1350,2023-11-01,East,Electronics,3000,0.3,48,525.0,Nov 2023
ORD-1351,2023-02-01,South,Electronics,1952,0.3,43,341.6,Feb 2023
ORD-1352,2023-05-01,South,Office Supplies,2810,0.1,39,632.25,May 2023
ORD-1353,2023-01-01,North,Furniture,4075,0.3,31,713.12,Jan 2023
ORD-1354,2023-12-01,East,Electronics,1304,0.3,42,228.2,Dec 2023
ORD-1355,2023-01-01,North,Clothing,2736,0.3,10,478.8,Jan 2023
ORD-1356,2023-05-01,North,Furniture,4399,0.0,30,1099.75,May 2023
ORD-1357,2023-12-01,South,Office Supplies,4054,0.1,18,912.15,Dec 2023
ORD-1358,2023-03-01,East,Office Supplies,3694,0.05,24,877.32,Mar 2023
ORD-1359,2023-04-01,East,Office Supplies,2114,0.0,9,528.5,Apr 2023
ORD-1360,2023-03-01,North,Furniture,3272,0.2,31,654.4,Mar 2023
ORD-1361,2023-01-01,South,Clothing,1206,0.1,15,271.35,Jan 2023
ORD-1362,2023-01-01,South,Electronics,606,0.1,4,136.35,Jan 2023
ORD-1363,2023-12-01,East,Office Supplies,366,0.2,40,73.2,Dec 2023
ORD-1364,2023-12-01,East,Electronics,708,0.2,9,141.6,Dec 2023
ORD-1365,2023-05-01,South,Electronics,1861,0.2,45,372.2,May 2023
ORD-1366,2023-06-01,East,Electronics,3864,0.05,9,917.7,Jun 2023
ORD-1367,2023-03-01,South,Clothing,3689,0.3,26,645.57,Mar 2023
ORD-1368,2023-12-01,West,Clothing,880,0.1,4,198.0,Dec 2023
ORD-1369,2023-09-01,South,Electronics,2724,0.3,17,476.7,Sep 2023
ORD-1370,2023-05-01,South,Electronics,2320,0.3,16,406.0,May 2023
ORD-1371,2023-08-01,South,Office Supplies,4877,0.2,15,975.4,Aug 2023
ORD-1372,2023-01-01,East,Furniture,4557,0.05,35,1082.29,Jan 2023
ORD-1373,2023-05-01,West,Electronics,1563,0.0,5,390.75,May 2023
ORD-1374,2023-03-01,South,Office Supplies,1531,0.05,5,363.61,Mar 2023
ORD-1375,2023-12-01,East,Furniture,2492,0.3,20,436.1,Dec 2023
ORD-1376,2023-01-01,East,Clothing,1738,0.05,15,412.78,Jan 2023
ORD-1377,2023-04-01,South,Electronics,3608,0.2,18,721.6,Apr 2023
ORD-1378,2023-05-01,South,Furniture,760,0.0,47,190.0,May 2023
ORD-1379,2023-07-01,West,Furniture,1299,0.2,2,259.8,Jul 2023
ORD-1380,2023-01-01,South,Office Supplies,2103,0.0,29,525.75,Jan 2023
ORD-1381,2023-03-01,South,Furniture,374,0.3,13,65.45,Mar 2023
ORD-1382,2023-02-01,West,Office Supplies,2356,0.0,4,589.0,Feb 2023
ORD-1383,2023-09-01,North,Electronics,2430,0.0,42,607.5,Sep 2023
ORD-1384,2023-10-01,North,Office Supplies,4487,0.0,45,1121.75,Oct 2023
ORD-1385,2023-06-01,South,Furniture,4360,0.05,10,1035.5,Jun 2023
ORD-1386,2023-10-01,West,Electronics,4120,0.05,31,978.5,Oct 2023
ORD-1387,2023-03-01,North,Office Supplies,1697,0.3,41,296.97,Mar 2023
ORD-1388,2023-08-01,North,Electronics,4054,0.0,8,1013.5,Aug 2023
ORD-1389,2023-08-01,North,Electronics,3371,0.1,3,758.48,Aug 2023
ORD-1390,2023-02-01,North,Clothing,1767,0.3,48,309.22,Feb 2023
ORD-1391,2023-06-01,North,Furniture,1351,0.0,46,337.75,Jun 2023
ORD-1392,2023-07-01,South,Office Supplies,568,0.0,9,142.0,Jul 2023
ORD-1393,2023-02-01,East,Electronics,242,0.05,30,57.47,Feb 2023
ORD-1394,2023-11-01,North,Office Supplies,2107,0.3,11,368.72,Nov 2023
ORD-1395,2023-10-01,South,Electronics,3690,0.0,35,922.5,Oct 2023
ORD-1396,2023-02-01,North,Furniture,2735,0.0,37,683.75,Feb 2023
ORD-1397,2023-10-01,South,Clothing,4373,0.3,42,765.28,Oct 2023
ORD-1398,2023-01-01,South,Office Supplies,3073,0.1,13,691.42,Jan 2023
ORD-1399,2023-08-01,East,Furniture,2024,0.3,36,354.2,Aug 2023
ORD-1400,2023-01-01,North,Electronics,1493,0.3,13,261.27,Jan 2023
ORD-1401,2023-09-01,South,Clothing,4969,0.1,12,1118.03,Sep 2023
ORD-1402,2023-11-01,North,Furniture,4996,0.3,37,874.3,Nov 2023
ORD-1403,2023-06-01,West,Office Supplies,3586,0.0,10,896.5,Jun 2023
ORD-1404,2023-07-01,East,Office Supplies,3172,0.3,9,555.1,Jul 2023
ORD-1405,2023-10-01,East,Electronics,4122,0.1,7,927.45,Oct 2023
ORD-1406,2023-07-01,North,Electronics,1192,0.2,2,238.4,Jul 2023
ORD-1407,2023-10-01,West,Office Supplies,2586,0.3,23,452.55,Oct 2023
ORD-1408,2023-03-01,North,Electronics,2440,0.05,39,579.5,Mar 2023
ORD-1409,2023-02-01,North,Electronics,1676,0.0,40,419.0,Feb 2023
ORD-1410,2023-09-01,South,Clothing,3607,0.0,39,901.75,Sep 2023
ORD-1411,2023-08-01,North,Furniture,589,0.05,21,139.89,Aug 2023
ORD-1412,2023-12-01,West,Office Supplies,1199,0.05,23,284.76,Dec 2023
ORD-1413,2023-10-01,East,Furniture,4820,0.3,29,843.5,Oct 2023
ORD-1414,2023-07-01,North,Furniture,2055,0.05,14,488.06,Jul 2023
ORD-1415,2023-09-01,East,Electronics,858,0.2,26,171.6,Sep 2023
ORD-1416,2023-04-01,West,Electronics,2963,0.1,5,666.68,Apr 2023
ORD-1417,2023-04-01,West,Electronics,3863,0.05,31,917.46,Apr 2023
ORD-1418,2023-01-01,East,Furniture,1681,0.05,25,399.24,Jan 2023
ORD-1419,2023-08-01,West,Office Supplies,3931,0.2,31,786.2,Aug 2023
ORD-1420,2023-12-01,West,Furniture,651,0.0,20,162.75,Dec 2023
ORD-1421,2023-03-01,East,Furniture,2675,0.0,44,668.75,Mar 2023
ORD-1422,2023-07-01,North,Furniture,3422,0.3,17,598.85,Jul 2023
ORD-1423,2023-12-01,South,Electronics,1737,0.2,45,347.4,Dec 2023
ORD-1424,2023-02-01,West,Furniture,3293,0.1,2,740.92,Feb 2023
ORD-1425,2023-02-01,North,Electronics,1082,0.1,25,243.45,Feb 2023
ORD-1426,2023-07-01,West,Electronics,4608,0.2,13,921.6,Jul 2023
ORD-1427,2023-06-01,North,Electronics,4268,0.1,39,960.3,Jun 2023
ORD-1428,2023-03-01,North,Furniture,2766,0.0,28,691.5,Mar 2023
ORD-1429,2023-09-01,South,Office Supplies,3477,0.1,42,782.32,Sep 2023
ORD-1430,2023-10-01,North,Electronics,574,0.1,6,129.15,Oct 2023
ORD-1431,2023-06-01,West,Electronics,4746,0.2,3,949.2,Jun 2023
ORD-1432,2023-10-01,West,Office Supplies,3897,0.2,35,779.4,Oct 2023
ORD-1433,2023-10-01,West,Electronics,3262,0.1,18,733.95,Oct 2023
ORD-1434,2023-06-01,East,Clothing,4890,0.05,11,1161.38,Jun 2023
ORD-1435,2023-01-01,North,Furniture,3450,0.2,20,690.0,Jan 2023
ORD-1436,2023-04-01,South,Furniture,4795,0.3,5,839.12,Apr 2023
ORD-1437,2023-10-01,East,Furniture,4759,0.3,19,832.82,Oct 2023
ORD-1438,2023-06-01,South,Electronics,312,0.0,22,78.0,Jun 2023
ORD-1439,2023-06-01,North,Office Supplies,3397,0.1,19,764.32,Jun 2023
ORD-1440,2023-11-01,South,Furniture,2578,0.05,47,612.28,Nov 2023
ORD-1441,2023-12-01,South,Clothing,2124,0.0,16,531.0,Dec 2023
ORD-1442,2023-05-01,West,Electronics,339,0.1,24,76.28,May 2023
ORD-1443,2023-01-01,West,Furniture,1624,0.2,41,324.8,Jan 2023
ORD-1444,2023-08-01,South,Furniture,3149,0.3,4,551.07,Aug 2023
ORD-1445,2023-05-01,East,Electronics,3368,0.05,15,799.9,May 2023
ORD-1446,2023-12-01,East,Furniture,716,0.3,25,125.3,Dec 2023
ORD-1447,2023-12-01,North,Office Supplies,2816,0.2,44,563.2,Dec 2023
ORD-1448,2023-12-01,West,Office Supplies,1087,0.1,35,244.58,Dec 2023
ORD-1449,2023-05-01,West,Electronics,3304,0.2,14,660.8,May 2023
ORD-1450,2023-07-01,South,Office Supplies,249,0.2,49,49.8,Jul 2023
ORD-1451,2023-04-01,South,Clothing,4151,0.3,19,726.42,Apr 2023
ORD-1452,2023-06-01,North,Clothing,3760,0.05,38,893.0,Jun 2023
ORD-1453,2023-04-01,South,Electronics,218,0.2,36,43.6,Apr 2023
ORD-1454,2023-03-01,North,Office Supplies,1673,0.3,7,292.77,Mar 2023
ORD-1455,2023-07-01,West,Electronics,4261,0.05,30,1011.99,Jul 2023
ORD-1456,2023-08-01,North,Clothing,2806,0.1,19,631.35,Aug 2023
ORD-1457,2023-04-01,South,Furniture,651,0.1,49,146.48,Apr 2023
ORD-1458,2023-02-01,West,Electronics,3965,0.0,25,991.25,Feb 2023
ORD-1459,2023-12-01,East,Office Supplies,2638,0.3,16,461.65,Dec 2023
ORD-1460,2023-10-01,North,Electronics,4510,0.05,47,1071.12,Oct 2023
ORD-1461,2023-03-01,North,Clothing,1749,0.2,40,349.8,Mar 2023
ORD-1462,2023-01-01,North,Clothing,3674,0.1,8,826.65,Jan 2023
ORD-1463,2023-08-01,East,Office Supplies,327,0.05,18,77.66,Aug 2023
ORD-1464,2023-03-01,North,Electronics,2961,0.3,28,518.17,Mar 2023
ORD-1465,2023-12-01,South,Office Supplies,4656,0.0,16,1164.0,Dec 2023
ORD-1466,2023-10-01,West,Electronics,4864,0.1,19,1094.4,Oct 2023
ORD-1467,2023-07-01,North,Electronics,1615,0.05,42,383.56,Jul 2023
ORD-1468,2023-10-01,West,Office Supplies,401,0.05,17,95.24,Oct 2023
ORD-1469,2023-05-01,West,Electronics,2569,0.05,45,610.14,May 2023
ORD-1470,2023-10-01,North,Furniture,717,0.3,13,125.48,Oct 2023
ORD-1471,2023-05-01,West,Clothing,1541,0.3,7,269.67,May 2023
ORD-1472,2023-07-01,South,Electronics,4976,0.3,27,870.8,Jul 2023
ORD-1473,2023-09-01,West,Electronics,2188,0.2,10,437.6,Sep 2023
ORD-1474,2023-12-01,East,Clothing,3745,0.05,34,889.44,Dec 2023
ORD-1475,2023-05-01,East,Electronics,4720,0.1,36,1062.0,May 2023
ORD-1476,2023-01-01,South,Office Supplies,4002,0.3,25,700.35,Jan 2023
ORD-1477,2023-10-01,West,Clothing,3475,0.3,6,608.12,Oct 2023
ORD-1478,2023-10-01,East,Clothing,3854,0.05,24,915.32,Oct 2023
ORD-1479,2023-01-01,South,Office Supplies,2634,0.3,18,460.95,Jan 2023
ORD-1480,2023-02-01,West,Electronics,407,0.2,23,81.4,Feb 2023
ORD-1481,2023-06-01,North,Electronics,2833,0.2,6,566.6,Jun 2023
ORD-1482,2023-09-01,North,Office Supplies,4317,0.3,29,755.47,Sep 2023
ORD-1483,2023-08-01,North,Clothing,353,0.05,25,83.84,Aug 2023
ORD-1484,2023-05-01,South,Furniture,3566,0.05,17,846.92,May 2023
ORD-1485,2023-01-01,North,Electronics,4514,0.05,46,1072.08,Jan 2023
ORD-1486,2023-07-01,West,Electronics,4964,0.0,24,1241.0,Jul 2023
ORD-1487,2023-05-01,North,Electronics,1718,0.3,11,300.65,May 2023
ORD-1488,2023-06-01,East,Office Supplies,2800,0.05,26,665.0,Jun 2023
ORD-1489,2023-07-01,North,Furniture,2395,0.2,34,479.0,Jul 2023
ORD-1490,2023-03-01,West,Clothing,4698,0.1,28,1057.05,Mar 2023
ORD-1491,2023-12-01,West,Office Supplies,4891,0.1,3,1100.48,Dec 2023
ORD-1492,2023-10-01,South,Electronics,3754,0.05,11,891.58,Oct 2023
ORD-1493,2023-03-01,West,Office Supplies,2614,0.1,38,588.15,Mar 2023
ORD-1494,2023-05-01,North,Furniture,3049,0.1,14,686.02,May 2023
ORD-1495,2023-06-01,West,Furniture,1942,0.0,26,485.5,Jun 2023
ORD-1496,2023-09-01,North,Office Supplies,1506,0.2,48,301.2,Sep 2023
ORD-1497,2023-12-01,West,Office Supplies,4049,0.2,21,809.8,Dec 2023
ORD-1498,2023-05-01,North,Office Supplies,4368,0.0,39,1092.0,May 2023
ORD-1499,2023-01-01,East,Electronics,4776,0.0,30,1194.0,Jan 2023
ORD-1500,2023-04-01,East,Electronics,4855,0.1,8,1092.38,Apr 2023
ORD-1501,2023-05-01,North,Office Supplies,4395,0.3,20,769.12,May 2023
ORD-1502,2023-12-01,North,Electronics,2755,0.1,48,619.88,Dec 2023
ORD-1503,2023-10-01,North,Electronics,2505,0.0,32,626.25,Oct 2023
ORD-1504,2023-10-01,South,Electronics,4708,0.2,22,941.6,Oct 2023
ORD-1505,2023-05-01,East,Office Supplies,1288,0.1,7,289.8,May 2023
ORD-1506,2023-07-01,North,Electronics,2842,0.3,9,497.35,Jul 2023
ORD-1507,2023-04-01,South,Office Supplies,1377,0.1,45,309.82,Apr 2023
ORD-1508,2023-01-01,North,Clothing,4957,0.05,1,1177.29,Jan 2023
ORD-1509,2023-05-01,West,Electronics,3194,0.1,29,718.65,May 2023
ORD-1510,2023-07-01,North,Electronics,759,0.0,8,189.75,Jul 2023
ORD-1511,2023-10-01,North,Electronics,3164,0.2,4,632.8,Oct 2023
ORD-1512,2023-10-01,North,Clothing,1471,0.2,35,294.2,Oct 2023
ORD-1513,2023-06-01,South,Electronics,2013,0.0,3,503.25,Jun 2023
ORD-1514,2023-05-01,West,Furniture,3115,0.05,45,739.81,May 2023
ORD-1515,2023-04-01,South,Electronics,809,0.0,40,202.25,Apr 2023
ORD-1516,2023-02-01,North,Office Supplies,2661,0.1,7,598.72,Feb 2023
ORD-1517,2023-04-01,East,Furniture,4320,0.0,27,1080.0,Apr 2023
ORD-1518,2023-10-01,East,Office Supplies,483,0.0,1,120.75,Oct 2023
ORD-1519,2023-10-01,North,Clothing,3128,0.05,27,742.9,Oct 2023
ORD-1520,2023-03-01,East,Electronics,4596,0.1,16,1034.1,Mar 2023
ORD-1521,2023-10-01,West,Office Supplies,1291,0.3,38,225.92,Oct 2023
ORD-1522,2023-01-01,North,Electronics,1016,0.3,7,177.8,Jan 2023
ORD-1523,2023-08-01,East,Clothing,282,0.2,44,56.4,Aug 2023
ORD-1524,2023-05-01,East,Office Supplies,2120,0.0,23,530.0,May 2023
ORD-1525,2023-04-01,South,Clothing,3691,0.2,41,738.2,Apr 2023
ORD-1526,2023-08-01,North,Electronics,3344,0.05,11,794.2,Aug 2023
ORD-1527,2023-07-01,North,Electronics,2293,0.3,42,401.28,Jul 2023
ORD-1528,2023-02-01,West,Furniture,4913,0.0,33,1228.25,Feb 2023
ORD-1529,2023-01-01,West,Furniture,375,0.05,36,89.06,Jan 2023
ORD-1530,2023-12-01,East,Electronics,2904,0.05,37,689.7,Dec 2023
ORD-1531,2023-11-01,South,Furniture,569,0.0,41,142.25,Nov 2023
ORD-1532,2023-04-01,East,Electronics,2018,0.05,17,479.28,Apr 2023
ORD-1533,2023-08-01,East,Furniture,2301,0.0,35,575.25,Aug 2023
ORD-1534,2023-12-01,South,Office Supplies,4985,0.0,48,1246.25,Dec 2023
ORD-1535,2023-02-01,North,Furniture,3690,0.1,5,830.25,Feb 2023
ORD-1536,2023-03-01,West,Electronics,1979,0.2,48,395.8,Mar 2023
ORD-1537,2023-12-01,South,Furniture,1564,0.05,32,371.45,Dec 2023
ORD-1538,2023-01-01,West,Electronics,4662,0.05,3,1107.22,Jan 2023
ORD-1539,2023-01-01,North,Clothing,3542,0.1,47,796.95,Jan 2023
ORD-1540,2023-03-01,North,Electronics,4939,0.1,35,1111.28,Mar 2023
ORD-1541,2023-11-01,North,Office Supplies,3876,0.1,14,872.1,Nov 2023
ORD-1542,2023-05-01,South,Clothing,2626,0.3,48,459.55,May 2023
ORD-1543,2023-12-01,West,Office Supplies,272,0.3,31,47.6,Dec 2023
ORD-1544,2023-03-01,North,Office Supplies,3162,0.3,31,553.35,Mar 2023
ORD-1545,2023-01-01,West,Office Supplies,1059,0.0,17,264.75,Jan 2023
ORD-1546,2023-01-01,South,Clothing,4056,0.05,24,963.3,Jan 2023
ORD-1547,2023-08-01,West,Office Supplies,4338,0.2,23,867.6,Aug 2023
ORD-1548,2023-10-01,North,Furniture,2624,0.0,18,656.0,Oct 2023
ORD-1549,2023-11-01,West,Office Supplies,1264,0.05,14,300.2,Nov 2023
ORD-1550,2023-12-01,East,Furniture,2417,0.05,15,574.04,Dec 2023
ORD-1551,2023-12-01,North,Office Supplies,4217,0.1,15,948.82,Dec 2023
ORD-1552,2023-02-01,North,Furniture,2459,0.1,6,553.28,Feb 2023
ORD-1553,2023-03-01,West,Electronics,3951,0.0,27,987.75,Mar 2023
ORD-1554,2023-02-01,West,Electronics,2286,0.1,15,514.35,Feb 2023
ORD-1555,2023-03-01,North,Electronics,568,0.05,36,134.9,Mar 2023
ORD-1556,2023-07-01,East,Electronics,3004,0.1,8,675.9,Jul 2023
ORD-1557,2023-01-01,West,Electronics,350,0.3,15,61.25,Jan 2023
ORD-1558,2023-10-01,West,Furniture,1334,0.1,3,300.15,Oct 2023
ORD-1559,2023-08-01,West,Electronics,2984,0.05,47,708.7,Aug 2023
ORD-1560,2023-10-01,East,Office Supplies,4364,0.0,13,1091.0,Oct 2023
ORD-1561,2023-10-01,South,Electronics,2546,0.2,41,509.2,Oct 2023
ORD-1562,2023-10-01,South,Electronics,2450,0.1,34,551.25,Oct 2023
ORD-1563,2023-02-01,South,Office Supplies,260,0.05,24,61.75,Feb 2023
ORD-1564,2023-03-01,East,Furniture,3210,0.2,40,642.0,Mar 2023
ORD-1565,2023-09-01,East,Electronics,4101,0.2,32,820.2,Sep 2023
ORD-1566,2023-07-01,North,Clothing,1537,0.3,32,268.97,Jul 2023
ORD-1567,2023-04-01,West,Clothing,1384,0.2,30,276.8,Apr 2023
ORD-1568,2023-10-01,East,Electronics,4626,0.05,49,1098.68,Oct 2023
ORD-1569,2023-05-01,East,Electronics,1751,0.05,13,415.86,May 2023
ORD-1570,2023-02-01,South,Clothing,4633,0.1,1,1042.42,Feb 2023
ORD-1571,2023-11-01,South,Office Supplies,1829,0.1,34,411.52,Nov 2023
ORD-1572,2023-08-01,North,Furniture,1527,0.1,15,343.58,Aug 2023
ORD-1573,2023-04-01,North,Office Supplies,1726,0.2,44,345.2,Apr 2023
ORD-1574,2023-09-01,North,Electronics,1873,0.2,14,374.6,Sep 2023
ORD-1575,2023-05-01,North,Furniture,1561,0.3,29,273.17,May 2023
ORD-1576,2023-09-01,South,Electronics,1773,0.1,34,398.92,Sep 2023
ORD-1577,2023-04-01,South,Office Supplies,2886,0.0,18,721.5,Apr 2023
ORD-1578,2023-10-01,North,Furniture,4570,0.3,7,799.75,Oct 2023
ORD-1579,2023-05-01,East,Office Supplies,2566,0.0,29,641.5,May 2023
ORD-1580,2023-09-01,North,Electronics,3957,0.2,31,791.4,Sep 2023
ORD-1581,2023-08-01,West,Electronics,2634,0.3,25,460.95,Aug 2023
ORD-1582,2023-03-01,West,Furniture,2193,0.3,38,383.78,Mar 2023
ORD-1583,2023-01-01,North,Office Supplies,1069,0.05,14,253.89,Jan 2023
ORD-1584,2023-03-01,South,Furniture,1214,0.2,8,242.8,Mar 2023
ORD-1585,2023-04-01,North,Electronics,2111,0.2,27,422.2,Apr 2023
ORD-1586,2023-02-01,East,Clothing,802,0.3,2,140.35,Feb 2023
ORD-1587,2023-01-01,East,Electronics,4021,0.2,17,804.2,Jan 2023
ORD-1588,2023-07-01,North,Clothing,890,0.3,37,155.75,Jul 2023
ORD-1589,2023-08-01,East,Electronics,693,0.05,14,164.59,Aug 2023
ORD-1590,2023-07-01,North,Office Supplies,689,0.3,25,120.57,Jul 2023
ORD-1591,2023-05-01,North,Electronics,2756,0.2,30,551.2,May 2023
ORD-1592,2023-12-01,East,Clothing,4685,0.2,29,937.0,Dec 2023
ORD-1593,2023-01-01,South,Furniture,494,0.3,20,86.45,Jan 2023
ORD-1594,2023-07-01,East,Electronics,4227,0.3,21,739.72,Jul 2023
ORD-1595,2023-07-01,South,Electronics,3043,0.3,22,532.52,Jul 2023
ORD-1596,2023-09-01,West,Electronics,3112,0.1,35,700.2,Sep 2023
ORD-1597,2023-03-01,North,Electronics,1917,0.2,37,383.4,Mar 2023
ORD-1598,2023-09-01,South,Clothing,2796,0.2,16,559.2,Sep 2023
ORD-1599,2023-01-01,East,Furniture,4944,0.1,49,1112.4,Jan 2023
ORD-1600,2023-01-01,South,Office Supplies,2073,0.3,43,362.78,Jan 2023
ORD-1601,2023-04-01,West,Office Supplies,4863,0.05,17,1154.96,Apr 2023
ORD-1602,2023-09-01,East,Office Supplies,3458,0.3,16,605.15,Sep 2023
ORD-1603,2023-06-01,East,Electronics,3017,0.3,2,527.98,Jun 2023
ORD-1604,2023-11-01,East,Electronics,644,0.1,4,144.9,Nov 2023
ORD-1605,2023-03-01,West,Office Supplies,3841,0.2,21,768.2,Mar 2023
ORD-1606,2023-01-01,West,Clothing,4658,0.3,39,815.15,Jan 2023
ORD-1607,2023-04-01,East,Electronics,941,0.2,34,188.2,Apr 2023
ORD-1608,2023-12-01,East,Electronics,2241,0.0,30,560.25,Dec 2023
ORD-1609,2023-09-01,North,Furniture,879,0.2,6,175.8,Sep 2023
ORD-1610,2023-03-01,North,Clothing,2667,0.05,17,633.41,Mar 2023
ORD-1611,2023-12-01,East,Electronics,3897,0.05,39,925.54,Dec 2023
ORD-1612,2023-09-01,North,Furniture,1558,0.3,25,272.65,Sep 2023
ORD-1613,2023-07-01,South,Clothing,262,0.2,5,52.4,Jul 2023
ORD-1614,2023-12-01,North,Electronics,2759,0.3,5,482.82,Dec 2023
ORD-1615,2023-04-01,South,Electronics,3969,0.1,20,893.02,Apr 2023
ORD-1616,2023-03-01,East,Office Supplies,4551,0.05,16,1080.86,Mar 2023
ORD-1617,2023-10-01,West,Clothing,334,0.3,41,58.45,Oct 2023
ORD-1618,2023-05-01,North,Electronics,3844,0.1,37,864.9,May 2023
ORD-1619,2023-05-01,South,Furniture,2335,0.3,40,408.62,May 2023
ORD-1620,2023-03-01,West,Furniture,3478,0.2,9,695.6,Mar 2023
ORD-1621,2023-12-01,North,Furniture,1022,0.2,5,204.4,Dec 2023
ORD-1622,2023-09-01,West,Office Supplies,3274,0.2,42,654.8,Sep 2023
ORD-1623,2023-04-01,South,Furniture,3181,0.2,2,636.2,Apr 2023
ORD-1624,2023-11-01,South,Furniture,320,0.0,9,80.0,Nov 2023
ORD-1625,2023-05-01,West,Furniture,1837,0.1,43,413.32,May 2023
ORD-1626,2023-04-01,North,Furniture,1124,0.1,36,252.9,Apr 2023
ORD-1627,2023-05-01,East,Furniture,844,0.2,22,168.8,May 2023
ORD-1628,2023-07-01,West,Clothing,2232,0.0,22,558.0,Jul 2023
ORD-1629,2023-09-01,North,Electronics,2961,0.2,22,592.2,Sep 2023
ORD-1630,2023-07-01,East,Office Supplies,2268,0.0,34,567.0,Jul 2023
ORD-1631,2023-05-01,West,Office Supplies,441,0.2,29,88.2,May 2023
ORD-1632,2023-10-01,North,Electronics,2868,0.05,38,681.15,Oct 2023
ORD-1633,2023-10-01,West,Furniture,1002,0.05,46,237.98,Oct 2023
ORD-1634,2023-07-01,East,Furniture,4364,0.3,33,763.7,Jul 2023
ORD-1635,2023-10-01,East,Electronics,395,0.2,18,79.0,Oct 2023
ORD-1636,2023-05-01,East,Furniture,2387,0.1,7,537.08,May 2023
ORD-1637,2023-03-01,North,Electronics,3715,0.3,1,650.12,Mar 2023
ORD-1638,2023-07-01,West,Electronics,2530,0.05,33,600.88,Jul 2023
ORD-1639,2023-11-01,West,Office Supplies,2559,0.2,1,511.8,Nov 2023
ORD-1640,2023-11-01,East,Electronics,3806,0.3,24,666.05,Nov 2023
ORD-1641,2023-02-01,East,Office Supplies,476,0.2,4,95.2,Feb 2023
ORD-1642,2023-12-01,East,Furniture,260,0.05,4,61.75,Dec 2023
ORD-1643,2023-09-01,South,Clothing,3590,0.3,18,628.25,Sep 2023
ORD-1644,2023-10-01,East,Furniture,2113,0.05,27,501.84,Oct 2023
ORD-1645,2023-10-01,East,Electronics,4127,0.0,43,1031.75,Oct 2023
ORD-1646,2023-12-01,East,Office Supplies,2791,0.05,32,662.86,Dec 2023
ORD-1647,2023-01-01,East,Electronics,766,0.2,33,153.2,Jan 2023
ORD-1648,2023-06-01,South,Furniture,4135,0.1,28,930.38,Jun 2023
ORD-1649,2023-07-01,North,Clothing,1771,0.05,42,420.61,Jul 2023
ORD-1650,2023-08-01,North,Electronics,4917,0.1,41,1106.32,Aug 2023
ORD-1651,2023-10-01,South,Furniture,1400,0.0,36,350.0,Oct 2023
ORD-1652,2023-09-01,East,Office Supplies,4609,0.3,6,806.58,Sep 2023
ORD-1653,2023-02-01,East,Clothing,3054,0.3,16,534.45,Feb 2023
ORD-1654,2023-11-01,East,Office Supplies,3095,0.1,34,696.38,Nov 2023
ORD-1655,2023-10-01,South,Electronics,1436,0.3,23,251.3,Oct 2023
ORD-1656,2023-02-01,East,Office Supplies,336,0.05,42,79.8,Feb 2023
ORD-1657,2023-05-01,South,Electronics,1229,0.1,24,276.53,May 2023
ORD-1658,2023-05-01,South,Office Supplies,2356,0.2,49,471.2,May 2023
ORD-1659,2023-06-01,East,Clothing,2794,0.05,13,663.58,Jun 2023
ORD-1660,2023-03-01,West,Office Supplies,861,0.05,18,204.49,Mar 2023
ORD-1661,2023-08-01,South,Clothing,2672,0.05,13,634.6,Aug 2023
ORD-1662,2023-01-01,North,Electronics,2877,0.2,49,575.4,Jan 2023
ORD-1663,2023-06-01,North,Office Supplies,2508,0.0,37,627.0,Jun 2023
ORD-1664,2023-04-01,North,Office Supplies,286,0.3,43,50.05,Apr 2023
ORD-1665,2023-01-01,East,Electronics,2712,0.1,39,610.2,Jan 2023
ORD-1666,2023-07-01,South,Clothing,3142,0.0,42,785.5,Jul 2023
ORD-1667,2023-09-01,South,Electronics,2973,0.1,17,668.92,Sep 2023
ORD-1668,2023-04-01,South,Office Supplies,2704,0.3,15,473.2,Apr 2023
ORD-1669,2023-04-01,North,Office Supplies,3510,0.2,18,702.0,Apr 2023
ORD-1670,2023-06-01,South,Office Supplies,1900,0.05,23,451.25,Jun 2023
ORD-1671,2023-12-01,North,Electronics,3870,0.05,30,919.12,Dec 2023
ORD-1672,2023-03-01,South,Furniture,2900,0.2,34,580.0,Mar 2023
ORD-1673,2023-12-01,North,Furniture,3829,0.0,4,957.25,Dec 2023
ORD-1674,2023-06-01,West,Clothing,4790,0.0,3,1197.5,Jun 2023
ORD-1675,2023-07-01,North,Furniture,1847,0.1,7,415.58,Jul 2023
ORD-1676,2023-11-01,West,Electronics,3518,0.2,18,703.6,Nov 2023
ORD-1677,2023-10-01,South,Office Supplies,3887,0.0,42,971.75,Oct 2023
ORD-1678,2023-10-01,West,Furniture,796,0.2,7,159.2,Oct 2023
ORD-1679,2023-03-01,East,Office Supplies,4745,0.3,40,830.38,Mar 2023
ORD-1680,2023-07-01,East,Office Supplies,684,0.05,6,162.45,Jul 2023
ORD-1681,2023-03-01,East,Clothing,845,0.05,22,200.69,Mar 2023
ORD-1682,2023-02-01,South,Furniture,3289,0.05,1,781.14,Feb 2023
ORD-1683,2023-12-01,South,Furniture,4957,0.2,4,991.4,Dec 2023
ORD-1684,2023-10-01,South,Electronics,4584,0.2,46,916.8,Oct 2023
ORD-1685,2023-04-01,East,Electronics,920,0.1,49,207.0,Apr 2023
ORD-1686,2023-12-01,North,Electronics,4933,0.05,43,1171.59,Dec 2023
ORD-1687,2023-08-01,South,Electronics,698,0.1,29,157.05,Aug 2023
ORD-1688,2023-09-01,East,Office Supplies,4929,0.05,21,1170.64,Sep 2023
ORD-1689,2023-07-01,East,Office Supplies,1873,0.1,26,421.42,Jul 2023
ORD-1690,2023-01-01,East,Furniture,3267,0.1,14,735.08,Jan 2023
ORD-1691,2023-03-01,East,Office Supplies,314,0.3,9,54.95,Mar 2023
ORD-1692,2023-12-01,West,Clothing,3179,0.1,47,715.28,Dec 2023
ORD-1693,2023-09-01,North,Office Supplies,4969,0.2,12,993.8,Sep 2023
ORD-1694,2023-12-01,South,Office Supplies,1936,0.1,42,435.6,Dec 2023
ORD-1695,2023-01-01,South,Furniture,3811,0.05,6,905.11,Jan 2023
ORD-1696,2023-09-01,South,Furniture,2453,0.1,20,551.93,Sep 2023
ORD-1697,2023-08-01,West,Electronics,2494,0.0,24,623.5,Aug 2023
ORD-1698,2023-01-01,North,Furniture,3830,0.05,27,909.62,Jan 2023
ORD-1699,2023-06-01,East,Clothing,346,0.0,38,86.5,Jun 2023
ORD-1700,2023-05-01,South,Office Supplies,4182,0.05,8,993.22,May 2023
ORD-1701,2023-06-01,East,Electronics,3653,0.2,1,730.6,Jun 2023
ORD-1702,2023-10-01,East,Furniture,4707,0.2,49,941.4,Oct 2023
ORD-1703,2023-12-01,South,Office Supplies,2610,0.2,49,522.0,Dec 2023
ORD-1704,2023-05-01,South,Electronics,336,0.0,24,84.0,May 2023
ORD-1705,2023-06-01,South,Furniture,3560,0.3,47,623.0,Jun 2023
ORD-1706,2023-05-01,North,Clothing,3205,0.05,7,761.19,May 2023
ORD-1707,2023-11-01,South,Furniture,3752,0.2,19,750.4,Nov 2023
ORD-1708,2023-12-01,North,Electronics,218,0.05,22,51.78,Dec 2023
ORD-1709,2023-05-01,South,Furniture,2442,0.0,35,610.5,May 2023
ORD-1710,2023-04-01,East,Clothing,648,0.3,30,113.4,Apr 2023
ORD-1711,2023-03-01,East,Furniture,2148,0.0,29,537.0,Mar 2023
ORD-1712,2023-03-01,East,Electronics,1145,0.05,22,271.94,Mar 2023
ORD-1713,2023-04-01,North,Furniture,4436,0.3,11,776.3,Apr 2023
ORD-1714,2023-09-01,East,Furniture,2120,0.3,20,371.0,Sep 2023
ORD-1715,2023-02-01,South,Furniture,3177,0.0,29,794.25,Feb 2023
ORD-1716,2023-09-01,South,Office Supplies,4388,0.2,41,877.6,Sep 2023
ORD-1717,2023-01-01,West,Electronics,4215,0.05,42,1001.06,Jan 2023
ORD-1718,2023-01-01,North,Clothing,438,0.1,34,98.55,Jan 2023
ORD-1719,2023-05-01,East,Electronics,404,0.1,1,90.9,May 2023
ORD-1720,2023-06-01,East,Furniture,2807,0.0,31,701.75,Jun 2023
ORD-1721,2023-06-01,South,Electronics,4540,0.05,30,1078.25,Jun 2023
ORD-1722,2023-03-01,North,Furniture,3588,0.05,48,852.15,Mar 2023
ORD-1723,2023-07-01,North,Furniture,3172,0.0,18,793.0,Jul 2023
ORD-1724,2023-09-01,West,Furniture,4590,0.05,17,1090.12,Sep 2023
ORD-1725,2023-11-01,South,Electronics,2887,0.2,38,577.4,Nov 2023
ORD-1726,2023-12-01,South,Office Supplies,4366,0.0,14,1091.5,Dec 2023
ORD-1727,2023-10-01,South,Electronics,1548,0.2,23,309.6,Oct 2023
ORD-1728,2023-08-01,East,Office Supplies,4600,0.05,25,1092.5,Aug 2023
ORD-1729,2023-06-01,North,Clothing,1016,0.0,15,254.0,Jun 2023
ORD-1730,2023-12-01,South,Electronics,1020,0.05,46,242.25,Dec 2023
ORD-1731,2023-08-01,East,Furniture,392,0.0,22,98.0,Aug 2023
ORD-1732,2023-12-01,West,Furniture,1976,0.05,3,469.3,Dec 2023
ORD-1733,2023-05-01,North,Electronics,3845,0.2,19,769.0,May 2023
ORD-1734,2023-08-01,South,Furniture,4824,0.2,44,964.8,Aug 2023
ORD-1735,2023-10-01,South,Office Supplies,450,0.05,34,106.88,Oct 2023
ORD-1736,2023-12-01,East,Furniture,1988,0.0,35,497.0,Dec 2023
ORD-1737,2023-04-01,South,Electronics,3900,0.1,1,877.5,Apr 2023
ORD-1738,2023-10-01,South,Office Supplies,2663,0.2,21,532.6,Oct 2023
ORD-1739,2023-08-01,East,Furniture,1367,0.2,29,273.4,Aug 2023
ORD-1740,2023-10-01,East,Office Supplies,4093,0.1,6,920.92,Oct 2023
ORD-1741,2023-12-01,South,Furniture,1296,0.05,37,307.8,Dec 2023
ORD-1742,2023-02-01,West,Furniture,2879,0.0,1,719.75,Feb 2023
ORD-1743,2023-12-01,East,Electronics,2047,0.05,1,486.16,Dec 2023
ORD-1744,2023-12-01,South,Electronics,4104,0.3,27,718.2,Dec 2023
ORD-1745,2023-05-01,North,Clothing,704,0.2,21,140.8,May 2023
ORD-1746,2023-09-01,West,Electronics,1821,0.3,16,318.67,Sep 2023
ORD-1747,2023-04-01,North,Clothing,2672,0.2,44,534.4,Apr 2023
ORD-1748,2023-11-01,North,Furniture,2746,0.2,40,549.2,Nov 2023
ORD-1749,2023-06-01,North,Electronics,1587,0.3,26,277.72,Jun 2023
ORD-1750,2023-01-01,East,Electronics,3194,0.3,16,558.95,Jan 2023
ORD-1751,2023-09-01,North,Electronics,4016,0.05,28,953.8,Sep 2023
ORD-1752,2023-01-01,North,Clothing,917,0.3,1,160.48,Jan 2023
ORD-1753,2023-05-01,North,Furniture,3684,0.05,36,874.95,May 2023
ORD-1754,2023-04-01,North,Furniture,4634,0.05,10,1100.58,Apr 2023
ORD-1755,2023-12-01,East,Electronics,858,0.05,43,203.77,Dec 2023
ORD-1756,2023-03-01,East,Electronics,4208,0.2,17,841.6,Mar 2023
ORD-1757,2023-06-01,South,Furniture,4724,0.2,23,944.8,Jun 2023
ORD-1758,2023-02-01,South,Electronics,4434,0.3,7,775.95,Feb 2023
ORD-1759,2023-03-01,East,Office Supplies,3964,0.2,44,792.8,Mar 2023
ORD-1760,2023-05-01,North,Furniture,3189,0.3,7,558.07,May 2023
ORD-1761,2023-09-01,South,Furniture,4837,0.2,44,967.4,Sep 2023
ORD-1762,2023-02-01,West,Furniture,2304,0.0,15,576.0,Feb 2023
ORD-1763,2023-10-01,East,Furniture,1455,0.0,34,363.75,Oct 2023
ORD-1764,2023-08-01,North,Clothing,2682,0.3,46,469.35,Aug 2023
ORD-1765,2023-02-01,South,Furniture,583,0.2,45,116.6,Feb 2023
ORD-1766,2023-11-01,South,Electronics,2807,0.2,4,561.4,Nov 2023
ORD-1767,2023-05-01,South,Office Supplies,393,0.05,14,93.34,May 2023
ORD-1768,2023-07-01,North,Electronics,4007,0.1,14,901.58,Jul 2023
ORD-1769,2023-08-01,North,Electronics,3919,0.3,16,685.82,Aug 2023
ORD-1770,2023-01-01,North,Clothing,2781,0.1,7,625.72,Jan 2023
ORD-1771,2023-06-01,West,Office Supplies,2765,0.1,32,622.12,Jun 2023
ORD-1772,2023-01-01,East,Clothing,2963,0.3,19,518.52,Jan 2023
ORD-1773,2023-02-01,North,Furniture,2998,0.2,2,599.6,Feb 2023
ORD-1774,2023-01-01,North,Furniture,2539,0.3,10,444.32,Jan 2023
ORD-1775,2023-11-01,East,Electronics,3606,0.1,17,811.35,Nov 2023
ORD-1776,2023-05-01,North,Electronics,931,0.2,37,186.2,May 2023
ORD-1777,2023-10-01,North,Office Supplies,3072,0.0,12,768.0,Oct 2023
ORD-1778,2023-09-01,West,Furniture,3320,0.3,6,581.0,Sep 2023
ORD-1779,2023-06-01,North,Office Supplies,4980,0.3,22,871.5,Jun 2023
ORD-1780,2023-11-01,East,Office Supplies,4377,0.2,32,875.4,Nov 2023
ORD-1781,2023-11-01,West,Electronics,2804,0.0,41,701.0,Nov 2023
ORD-1782,2023-01-01,South,Furniture,2582,0.0,20,645.5,Jan 2023
ORD-1783,2023-01-01,North,Office Supplies,731,0.2,1,146.2,Jan 2023
ORD-1784,2023-02-01,North,Electronics,4516,0.05,47,1072.55,Feb 2023
ORD-1785,2023-09-01,West,Office Supplies,834,0.3,6,145.95,Sep 2023
ORD-1786,2023-03-01,West,Furniture,1969,0.3,19,344.58,Mar 2023
ORD-1787,2023-01-01,East,Electronics,4004,0.1,18,900.9,Jan 2023
ORD-1788,2023-05-01,North,Furniture,2570,0.2,6,514.0,May 2023
ORD-1789,2023-07-01,East,Clothing,202,0.1,45,45.45,Jul 2023
ORD-1790,2023-06-01,West,Electronics,405,0.1,33,91.12,Jun 2023
ORD-1791,2023-12-01,East,Office Supplies,4335,0.0,23,1083.75,Dec 2023
ORD-1792,2023-01-01,West,Electronics,2821,0.3,23,493.67,Jan 2023
ORD-1793,2023-05-01,West,Office Supplies,4939,0.1,26,1111.28,May 2023
ORD-1794,2023-05-01,East,Office Supplies,3090,0.0,13,772.5,May 2023
ORD-1795,2023-06-01,East,Electronics,3393,0.2,7,678.6,Jun 2023
ORD-1796,2023-03-01,South,Electronics,2866,0.1,15,644.85,Mar 2023
ORD-1797,2023-05-01,North,Office Supplies,3506,0.3,44,613.55,May 2023
ORD-1798,2023-07-01,East,Furniture,1097,0.1,27,246.82,Jul 2023
ORD-1799,2023-05-01,South,Office Supplies,1285,0.2,26,257.0,May 2023
ORD-1800,2023-05-01,West,Electronics,1479,0.1,33,332.78,May 2023
ORD-1801,2023-05-01,West,Clothing,870,0.3,15,152.25,May 2023
ORD-1802,2023-10-01,East,Office Supplies,1705,0.0,36,426.25,Oct 2023
ORD-1803,2023-10-01,North,Clothing,3775,0.3,45,660.62,Oct 2023
ORD-1804,2023-03-01,North,Electronics,2155,0.0,27,538.75,Mar 2023
ORD-1805,2023-01-01,North,Furniture,449,0.05,5,106.64,Jan 2023
ORD-1806,2023-05-01,East,Furniture,2092,0.3,2,366.1,May 2023
ORD-1807,2023-09-01,East,Furniture,3639,0.3,33,636.82,Sep 2023
ORD-1808,2023-01-01,West,Furniture,2053,0.2,16,410.6,Jan 2023
ORD-1809,2023-03-01,South,Electronics,3054,0.1,23,687.15,Mar 2023
ORD-1810,2023-04-01,West,Office Supplies,1703,0.0,38,425.75,Apr 2023
ORD-1811,2023-01-01,West,Furniture,3585,0.0,16,896.25,Jan 2023
ORD-1812,2023-01-01,South,Electronics,3771,0.2,14,754.2,Jan 2023
ORD-1813,2023-08-01,West,Office Supplies,3992,0.2,29,798.4,Aug 2023
ORD-1814,2023-02-01,South,Furniture,3626,0.1,26,815.85,Feb 2023
ORD-1815,2023-12-01,North,Electronics,243,0.1,35,54.68,Dec 2023
ORD-1816,2023-08-01,East,Clothing,3812,0.3,15,667.1,Aug 2023
ORD-1817,2023-07-01,South,Clothing,2818,0.05,3,669.28,Jul 2023
ORD-1818,2023-10-01,East,Furniture,4878,0.1,23,1097.55,Oct 2023
ORD-1819,2023-10-01,East,Electronics,3363,0.2,29,672.6,Oct 2023
ORD-1820,2023-02-01,East,Office Supplies,1488,0.1,34,334.8,Feb 2023
ORD-1821,2023-06-01,South,Furniture,3142,0.0,33,785.5,Jun 2023
ORD-1822,2023-06-01,South,Electronics,419,0.05,41,99.51,Jun 2023
ORD-1823,2023-03-01,East,Furniture,2125,0.3,41,371.88,Mar 2023
ORD-1824,2023-11-01,South,Furniture,3172,0.0,23,793.0,Nov 2023
ORD-1825,2023-02-01,South,Furniture,3713,0.0,7,928.25,Feb 2023
ORD-1826,2023-12-01,North,Furniture,2648,0.05,3,628.9,Dec 2023
ORD-1827,2023-01-01,East,Office Supplies,3671,0.3,32,642.42,Jan 2023
ORD-1828,2023-06-01,North,Clothing,2974,0.2,31,594.8,Jun 2023
ORD-1829,2023-12-01,East,Furniture,1190,0.3,18,208.25,Dec 2023
ORD-1830,2023-05-01,East,Office Supplies,3146,0.1,43,707.85,May 2023
ORD-1831,2023-11-01,South,Clothing,2012,0.0,7,503.0,Nov 2023
ORD-1832,2023-09-01,South,Furniture,1003,0.1,41,225.68,Sep 2023
ORD-1833,2023-01-01,West,Furniture,689,0.2,1,137.8,Jan 2023
ORD-1834,2023-07-01,West,Office Supplies,3756,0.1,14,845.1,Jul 2023
ORD-1835,2023-05-01,West,Furniture,1693,0.3,32,296.27,May 2023
ORD-1836,2023-05-01,West,Office Supplies,3845,0.1,6,865.12,May 2023
ORD-1837,2023-02-01,North,Furniture,3091,0.2,39,618.2,Feb 2023
ORD-1838,2023-11-01,North,Clothing,1905,0.2,10,381.0,Nov 2023
ORD-1839,2023-03-01,South,Electronics,3716,0.2,7,743.2,Mar 2023
ORD-1840,2023-07-01,North,Electronics,3540,0.3,26,619.5,Jul 2023
ORD-1841,2023-06-01,South,Office Supplies,253,0.2,34,50.6,Jun 2023
ORD-1842,2023-12-01,South,Electronics,2775,0.0,30,693.75,Dec 2023
ORD-1843,2023-02-01,South,Electronics,3791,0.2,36,758.2,Feb 2023
ORD-1844,2023-06-01,East,Electronics,815,0.1,21,183.38,Jun 2023
ORD-1845,2023-02-01,East,Electronics,1154,0.1,17,259.65,Feb 2023
ORD-1846,2023-02-01,South,Electronics,2633,0.1,33,592.43,Feb 2023
ORD-1847,2023-02-01,West,Clothing,1829,0.3,10,320.08,Feb 2023
ORD-1848,2023-11-01,South,Electronics,2981,0.1,47,670.72,Nov 2023
ORD-1849,2023-03-01,West,Office Supplies,849,0.3,42,148.57,Mar 2023
ORD-1850,2023-02-01,North,Office Supplies,2547,0.3,12,445.72,Feb 2023
ORD-1851,2023-04-01,West,Clothing,4690,0.2,16,938.0,Apr 2023
ORD-1852,2023-09-01,East,Electronics,3478,0.0,41,869.5,Sep 2023
ORD-1853,2023-06-01,South,Clothing,2840,0.2,32,568.0,Jun 2023
ORD-1854,2023-01-01,North,Furniture,4001,0.2,15,800.2,Jan 2023
ORD-1855,2023-08-01,South,Office Supplies,2761,0.3,27,483.17,Aug 2023
ORD-1856,2023-12-01,North,Office Supplies,3449,0.3,28,603.57,Dec 2023
ORD-1857,2023-07-01,North,Office Supplies,570,0.1,17,128.25,Jul 2023
ORD-1858,2023-10-01,East,Electronics,1057,0.1,46,237.82,Oct 2023
ORD-1859,2023-03-01,South,Office Supplies,4953,0.2,2,990.6,Mar 2023
ORD-1860,2023-01-01,East,Furniture,583,0.05,36,138.46,Jan 2023
ORD-1861,2023-05-01,West,Office Supplies,4077,0.05,7,968.29,May 2023
ORD-1862,2023-04-01,South,Clothing,2752,0.1,13,619.2,Apr 2023
ORD-1863,2023-10-01,East,Electronics,4534,0.05,15,1076.82,Oct 2023
ORD-1864,2023-08-01,North,Clothing,4490,0.1,25,1010.25,Aug 2023
ORD-1865,2023-01-01,East,Electronics,2925,0.3,23,511.87,Jan 2023
ORD-1866,2023-10-01,South,Electronics,4234,0.2,22,846.8,Oct 2023
ORD-1867,2023-01-01,West,Electronics,3493,0.0,26,873.25,Jan 2023
ORD-1868,2023-12-01,West,Electronics,4451,0.2,33,890.2,Dec 2023
ORD-1869,2023-04-01,South,Office Supplies,4188,0.1,11,942.3,Apr 2023
ORD-1870,2023-08-01,North,Electronics,1122,0.1,10,252.45,Aug 2023
ORD-1871,2023-05-01,West,Electronics,3115,0.2,25,623.0,May 2023
ORD-1872,2023-02-01,East,Clothing,3150,0.1,37,708.75,Feb 2023
ORD-1873,2023-06-01,North,Office Supplies,3246,0.05,48,770.92,Jun 2023
ORD-1874,2023-05-01,North,Office Supplies,1174,0.05,43,278.82,May 2023
ORD-1875,2023-02-01,East,Clothing,1430,0.1,38,321.75,Feb 2023
ORD-1876,2023-11-01,North,Office Supplies,2635,0.1,41,592.88,Nov 2023
ORD-1877,2023-11-01,West,Electronics,2014,0.05,45,478.32,Nov 2023
ORD-1878,2023-11-01,South,Furniture,3134,0.1,24,705.15,Nov 2023
ORD-1879,2023-03-01,North,Office Supplies,1563,0.1,40,351.68,Mar 2023
ORD-1880,2023-09-01,West,Electronics,4140,0.2,46,828.0,Sep 2023
ORD-1881,2023-07-01,South,Office Supplies,403,0.0,33,100.75,Jul 2023
ORD-1882,2023-07-01,South,Electronics,360,0.05,17,85.5,Jul 2023
ORD-1883,2023-11-01,North,Electronics,4687,0.2,24,937.4,Nov 2023
ORD-1884,2023-06-01,North,Furniture,968,0.0,37,242.0,Jun 2023
ORD-1885,2023-08-01,East,Office Supplies,3948,0.1,2,888.3,Aug 2023
ORD-1886,2023-04-01,South,Furniture,2781,0.1,32,625.72,Apr 2023
ORD-1887,2023-08-01,East,Office Supplies,1293,0.2,24,258.6,Aug 2023
ORD-1888,2023-04-01,East,Electronics,4700,0.1,9,1057.5,Apr 2023
ORD-1889,2023-08-01,East,Electronics,807,0.3,4,141.22,Aug 2023
ORD-1890,2023-09-01,North,Clothing,1740,0.2,17,348.0,Sep 2023
ORD-1891,2023-03-01,South,Office Supplies,3075,0.0,17,768.75,Mar 2023
ORD-1892,2023-03-01,West,Electronics,3391,0.2,48,678.2,Mar 2023
ORD-1893,2023-11-01,East,Office Supplies,2037,0.05,30,483.79,Nov 2023
ORD-1894,2023-02-01,East,Electronics,889,0.2,40,177.8,Feb 2023
ORD-1895,2023-10-01,North,Furniture,3959,0.1,11,890.78,Oct 2023
ORD-1896,2023-03-01,South,Electronics,3149,0.1,21,708.52,Mar 2023
ORD-1897,2023-03-01,East,Office Supplies,2303,0.3,21,403.02,Mar 2023
ORD-1898,2023-05-01,West,Office Supplies,565,0.3,18,98.88,May 2023
ORD-1899,2023-05-01,East,Electronics,3775,0.3,29,660.62,May 2023
ORD-1900,2023-02-01,West,Clothing,4750,0.0,24,1187.5,Feb 2023
ORD-1901,2023-12-01,East,Furniture,4399,0.3,10,769.82,Dec 2023
ORD-1902,2023-10-01,North,Electronics,4372,0.0,45,1093.0,Oct 2023
ORD-1903,2023-06-01,South,Electronics,4525,0.3,17,791.88,Jun 2023
ORD-1904,2023-05-01,North,Electronics,2578,0.0,18,644.5,May 2023
ORD-1905,2023-06-01,North,Electronics,1405,0.2,42,281.0,Jun 2023
ORD-1906,2023-01-01,West,Furniture,4039,0.2,48,807.8,Jan 2023
ORD-1907,2023-05-01,South,Office Supplies,2935,0.1,20,660.38,May 2023
ORD-1908,2023-09-01,South,Furniture,3547,0.0,37,886.75,Sep 2023
ORD-1909,2023-12-01,North,Electronics,1875,0.05,45,445.31,Dec 2023
ORD-1910,2023-10-01,South,Electronics,498,0.1,18,112.05,Oct 2023
ORD-1911,2023-02-01,North,Electronics,1156,0.2,17,231.2,Feb 2023
ORD-1912,2023-01-01,North,Furniture,1314,0.0,9,328.5,Jan 2023
ORD-1913,2023-10-01,East,Office Supplies,2705,0.3,14,473.37,Oct 2023
ORD-1914,2023-11-01,North,Electronics,1674,0.05,49,397.58,Nov 2023
ORD-1915,2023-09-01,East,Office Supplies,4660,0.2,29,932.0,Sep 2023
ORD-1916,2023-10-01,North,Clothing,4646,0.1,31,1045.35,Oct 2023
ORD-1917,2023-09-01,North,Furniture,3926,0.0,4,981.5,Sep 2023
ORD-1918,2023-09-01,North,Office Supplies,3671,0.05,18,871.86,Sep 2023
ORD-1919,2023-06-01,East,Furniture,3028,0.0,20,757.0,Jun 2023
ORD-1920,2023-08-01,East,Office Supplies,3050,0.3,47,533.75,Aug 2023
ORD-1921,2023-11-01,South,Furniture,2706,0.1,43,608.85,Nov 2023
ORD-1922,2023-01-01,South,Furniture,3970,0.0,44,992.5,Jan 2023
ORD-1923,2023-10-01,East,Electronics,3164,0.2,9,632.8,Oct 2023
ORD-1924,2023-04-01,North,Electronics,4794,0.1,13,1078.65,Apr 2023
ORD-1925,2023-01-01,South,Electronics,1149,0.2,15,229.8,Jan 2023
ORD-1926,2023-08-01,West,Furniture,4803,0.0,27,1200.75,Aug 2023
ORD-1927,2023-01-01,East,Electronics,3050,0.1,15,686.25,Jan 2023
ORD-1928,2023-03-01,South,Clothing,365,0.2,28,73.0,Mar 2023
ORD-1929,2023-04-01,West,Office Supplies,3686,0.3,37,645.05,Apr 2023
ORD-1930,2023-08-01,East,Furniture,2709,0.3,19,474.08,Aug 2023
ORD-1931,2023-06-01,North,Electronics,1119,0.0,26,279.75,Jun 2023
ORD-1932,2023-10-01,East,Clothing,313,0.1,26,70.42,Oct 2023
ORD-1933,2023-12-01,East,Office Supplies,3704,0.05,25,879.7,Dec 2023
ORD-1934,2023-07-01,South,Office Supplies,1191,0.1,26,267.98,Jul 2023
ORD-1935,2023-08-01,South,Electronics,4039,0.3,26,706.82,Aug 2023
ORD-1936,2023-02-01,South,Furniture,1458,0.2,46,291.6,Feb 2023
ORD-1937,2023-10-01,East,Electronics,3626,0.05,28,861.18,Oct 2023
ORD-1938,2023-11-01,South,Electronics,714,0.0,49,178.5,Nov 2023
ORD-1939,2023-08-01,West,Office Supplies,3396,0.05,18,806.55,Aug 2023
ORD-1940,2023-03-01,East,Office Supplies,4634,0.0,32,1158.5,Mar 2023
ORD-1941,2023-07-01,North,Furniture,2784,0.05,3,661.2,Jul 2023
ORD-1942,2023-03-01,East,Clothing,267,0.0,2,66.75,Mar 2023
ORD-1943,2023-07-01,North,Furniture,1796,0.0,33,449.0,Jul 2023
ORD-1944,2023-11-01,East,Furniture,4678,0.05,42,1111.02,Nov 2023
ORD-1945,2023-12-01,East,Electronics,218,0.05,19,51.78,Dec 2023
ORD-1946,2023-02-01,North,Clothing,2930,0.0,17,732.5,Feb 2023
ORD-1947,2023-10-01,South,Electronics,3721,0.3,44,651.17,Oct 2023
ORD-1948,2023-06-01,North,Clothing,772,0.05,33,183.35,Jun 2023
ORD-1949,2023-03-01,North,Office Supplies,2458,0.1,12,553.05,Mar 2023
ORD-1950,2023-03-01,South,Electronics,3102,0.2,49,620.4,Mar 2023
ORD-1951,2023-09-01,South,Furniture,850,0.0,3,212.5,Sep 2023
ORD-1952,2023-07-01,West,Clothing,2787,0.0,43,696.75,Jul 2023
ORD-1953,2023-05-01,South,Furniture,3462,0.2,49,692.4,May 2023
ORD-1954,2023-12-01,South,Clothing,1538,0.3,26,269.15,Dec 2023
ORD-1955,2023-10-01,East,Clothing,3834,0.2,35,766.8,Oct 2023
ORD-1956,2023-07-01,North,Furniture,3027,0.05,8,718.91,Jul 2023
ORD-1957,2023-09-01,West,Furniture,2417,0.2,36,483.4,Sep 2023
ORD-1958,2023-01-01,East,Clothing,3739,0.0,7,934.75,Jan 2023
ORD-1959,2023-07-01,East,Office Supplies,1237,0.2,46,247.4,Jul 2023
ORD-1960,2023-06-01,North,Electronics,4583,0.1,46,1031.18,Jun 2023
ORD-1961,2023-10-01,South,Electronics,4178,0.05,36,992.28,Oct 2023
ORD-1962,2023-12-01,South,Furniture,3161,0.2,16,632.2,Dec 2023
ORD-1963,2023-09-01,West,Clothing,3426,0.0,24,856.5,Sep 2023
ORD-1964,2023-01-01,North,Office Supplies,1298,0.05,1,308.27,Jan 2023
ORD-1965,2023-04-01,South,Office Supplies,2524,0.0,49,631.0,Apr 2023
ORD-1966,2023-09-01,West,Electronics,1139,0.3,25,199.32,Sep 2023
ORD-1967,2023-04-01,South,Electronics,3916,0.1,10,881.1,Apr 2023
ORD-1968,2023-10-01,South,Clothing,3614,0.3,16,632.45,Oct 2023
ORD-1969,2023-03-01,North,Electronics,1648,0.1,16,370.8,Mar 2023
ORD-1970,2023-09-01,West,Electronics,770,0.2,8,154.0,Sep 2023
ORD-1971,2023-02-01,North,Electronics,3104,0.05,29,737.2,Feb 2023
ORD-1972,2023-04-01,East,Office Supplies,2705,0.2,39,541.0,Apr 2023
ORD-1973,2023-06-01,East,Clothing,1117,0.1,28,251.32,Jun 2023
ORD-1974,2023-02-01,North,Electronics,2074,0.1,6,466.65,Feb 2023
ORD-1975,2023-08-01,East,Furniture,1878,0.1,16,422.55,Aug 2023
ORD-1976,2023-08-01,North,Office Supplies,815,0.0,20,203.75,Aug 2023
ORD-1977,2023-01-01,North,Clothing,4701,0.05,16,1116.49,Jan 2023
ORD-1978,2023-12-01,East,Electronics,1949,0.2,7,389.8,Dec 2023
ORD-1979,2023-03-01,West,Furniture,4025,0.2,41,805.0,Mar 2023
ORD-1980,2023-10-01,East,Furniture,4388,0.3,14,767.9,Oct 2023
ORD-1981,2023-09-01,South,Clothing,2677,0.1,43,602.33,Sep 2023
ORD-1982,2023-05-01,North,Furniture,4949,0.1,26,1113.53,May 2023
ORD-1983,2023-06-01,North,Electronics,3705,0.1,26,833.62,Jun 2023
ORD-1984,2023-04-01,North,Office Supplies,3675,0.2,14,735.0,Apr 2023
ORD-1985,2023-10-01,North,Office Supplies,4729,0.3,7,827.58,Oct 2023
ORD-1986,2023-02-01,South,Electronics,1335,0.0,33,333.75,Feb 2023
ORD-1987,2023-11-01,South,Clothing,4200,0.05,26,997.5,Nov 2023
ORD-1988,2023-08-01,South,Electronics,574,0.0,45,143.5,Aug 2023
ORD-1989,2023-11-01,North,Furniture,406,0.2,20,81.2,Nov 2023
ORD-1990,2023-06-01,South,Furniture,1519,0.1,3,341.78,Jun 2023
ORD-1991,2023-05-01,West,Office Supplies,1341,0.05,4,318.49,May 2023
ORD-1992,2023-09-01,North,Furniture,4827,0.2,26,965.4,Sep 2023
ORD-1993,2023-01-01,West,Clothing,2890,0.2,11,578.0,Jan 2023
ORD-1994,2023-05-01,West,Office Supplies,3455,0.2,2,691.0,May 2023
ORD-1995,2023-06-01,North,Office Supplies,289,0.05,14,68.64,Jun 2023
ORD-1996,2023-05-01,East,Office Supplies,4308,0.05,44,1023.15,May 2023
ORD-1997,2023-06-01,East,Office Supplies,3220,0.3,30,563.5,Jun 2023
ORD-1998,2023-06-01,East,Electronics,2057,0.3,49,359.98,Jun 2023
ORD-1999,2023-07-01,South,Furniture,1004,0.0,12,251.0,Jul 2023
